Name,Year,Week,Primary,Secondary,Pattern,Qty
Hypnofrog,2010,45,Green,Chroma,Bovis,2
Hypnofrog,2010,45,Green,Chroma,Velatus,2
Hypnofrog,2010,45,Green,Chroma,Marmorea,2
Autumn Evolution,2010,46,Beige,Folium,Ornatus,1
Autumn Evolution,2010,46,Beige,Aurum,Ornatus,1
Autumn Evolution,2010,46,Beige,Carota,Ornatus,1
Autumn Evolution,2010,46,Beige,Bruna,Ornatus,1
Hawaiian Sunset,2010,47,Royal,Carota,Sol,1
Hawaiian Sunset,2010,47,Tangelo,Viola,Insero,7
Bullseye,2010,48,White,Tingo,Corona,4
Bullseye,2010,48,Red,Albeo,Corona,4
Puddle Jumpers,2010,49,Azure,Callaina,Marmorea,1
Puddle Jumpers,2010,49,Azure,Callaina,Velatus,1
Puddle Jumpers,2010,49,Azure,Callaina,Partiri,1
Puddle Jumpers,2010,49,Azure,Callaina,Puncti,1
Puddle Jumpers,2010,49,Azure,Callaina,Bovis,1
Puddle Jumpers,2010,49,Azure,Callaina,Spinae,1
Lights and Canes,2010,50,Red,Muscus,Clunicula,1
Lights and Canes,2010,50,Emerald,Muscus,Clunicula,1
Lights and Canes,2010,50,Yellow,Muscus,Clunicula,1
Lights and Canes,2010,50,Blue,Muscus,Clunicula,1
Lights and Canes,2010,50,Red,Albeo,Partiri,4
Whiteout,2010,51,White,Albeo,Anura,1
Whiteout,2010,51,White,Albeo,Puncti,1
Whiteout,2010,51,White,Albeo,Zebrae,1
Whiteout,2010,51,White,Albeo,Adamantis,1
Whiteout,2010,51,White,Albeo,Africanus,1
Whiteout,2010,51,White,Albeo,Clunicula,1
Whiteout,2010,51,White,Albeo,Roboris,1
Whiteout,2010,51,White,Albeo,Stellata,1
Winter Magic,2010,52,Azure,Albeo,Glacio,1
Winter Magic,2010,52,White,Callaina,Glacio,1
Winter Magic,2010,52,Aqua,Caelus,Glacio,1
Winter Magic,2010,52,Blue,Albeo,Glacio,1
Winter Magic,2010,52,White,Caelus,Glacio,1
Winter Magic,2010,52,Marine,Albeo,Glacio,1
Winter Magic,2010,52,Purple,Albeo,Glacio,1
Winter Magic,2010,52,Glass,Albeo,Glacio,1
Chocolate Blues,2011,1,Azure,Bruna,Partiri,1
Chocolate Blues,2011,1,Azure,Bruna,Marmorea,1
Chocolate Blues,2011,1,Azure,Bruna,Puncti,1
Chocolate Blues,2011,1,Azure,Bruna,Zebrae,1
Chocolate Blues,2011,1,Azure,Bruna,Cesti,1
Chocolate Blues,2011,1,Azure,Bruna,Bovis,1
Full Deck,2011,2,White,Picea,Roboris,1
Full Deck,2011,2,White,Picea,Floresco,1
Full Deck,2011,2,White,Tingo,Roboris,1
Full Deck,2011,2,White,Tingo,Adamantis,1
Argyle Socks,2011,3,Beige,Bruna,Adamantis,2
Argyle Socks,2011,3,Marine,Ceres,Adamantis,2
Argyle Socks,2011,3,Violet,Pruni,Adamantis,2
Double Rainbow,2011,4,Red,Chroma,Sol,1
Double Rainbow,2011,4,Orange,Chroma,Sol,1
Double Rainbow,2011,4,Yellow,Chroma,Sol,1
Double Rainbow,2011,4,Green,Chroma,Sol,1
Double Rainbow,2011,4,Blue,Chroma,Sol,1
Double Rainbow,2011,4,Purple,Chroma,Sol,1
Double Rainbow,2011,4,Pink,Chroma,Sol,1
Fine China,2011,5,White,Caelus,Pingo,4
Fine China,2011,5,White,Caelus,Ornatus,4
Floris Arrangement,2011,6,White,Floris,Roboris,1
Floris Arrangement,2011,6,Yellow,Floris,Roboris,1
Floris Arrangement,2011,6,Aqua,Floris,Roboris,1
Floris Arrangement,2011,6,Purple,Floris,Roboris,1
Floris Arrangement,2011,6,Marine,Floris,Roboris,1
Floris Arrangement,2011,6,Royal,Floris,Roboris,1
Floris Arrangement,2011,6,Lime,Floris,Roboris,1
Floris Arrangement,2011,6,Azure,Floris,Roboris,1
Teen Ninja Frogs,2011,7,Olive,Caelus,Ligo,1
Teen Ninja Frogs,2011,7,Olive,Carota,Ligo,1
Teen Ninja Frogs,2011,7,Olive,Tingo,Ligo,1
Teen Ninja Frogs,2011,7,Olive,Viola,Ligo,1
"Earth, Fire, Water, Air",2011,8,Cocos,Folium,Arbor,1
"Earth, Fire, Water, Air",2011,8,Orange,Tingo,Ornatus,1
"Earth, Fire, Water, Air",2011,8,Blue,Caelus,Partiri,1
"Earth, Fire, Water, Air",2011,8,White,Caelus,Sagitta,1
Glow in the Dark,2011,9,Black,Folium,Veru,2
Glow in the Dark,2011,9,Black,Folium,Magus,2
Glow in the Dark,2011,9,Black,Folium,Pingo,2
Glow in the Dark,2011,9,Black,Folium,Ocularis,2
Fade to Night,2011,10,Tangelo,Aurum,Sol,1
Fade to Night,2011,10,Tangelo,Viola,Insero,1
Fade to Night,2011,10,Royal,Picea,Insero,1
Fade to Night,2011,10,Black,Aurum,Stellata,1
Emerald Isle,2011,11,Olive,Albeo,Cesti,1
Emerald Isle,2011,11,Tangelo,Albeo,Cesti,1
Emerald Isle,2011,11,White,Albeo,Anura,1
Emerald Isle,2011,11,Olive,Folium,Floresco,4
Smore,2011,12,Beige,Bruna,Amfractus,2
Smore,2011,12,Beige,Albeo,Insero,1
Smore,2011,12,Cocos,Cafea,Bovis,2
Inkblots,2011,13,White,Picea,Crustalli,1
Inkblots,2011,13,White,Picea,Nasus,1
Inkblots,2011,13,White,Picea,Arbor,1
Inkblots,2011,13,White,Picea,Calvaria,1
Inkblots,2011,13,White,Picea,Magus,1
BLT,2011,14,Maroon,Ceres,Marmorea,2
BLT,2011,14,Green,Folium,Arbor,2
BLT,2011,14,Red,Tingo,Floresco,2
Apple Halves,2011,15,Olive,Folium,Insero,2
Apple Halves,2011,15,Red,Tingo,Insero,2
Apple Halves,2011,15,White,Cafea,Floresco,2
Easter Time,2011,16,Red,Carota,Insero,1
Easter Time,2011,16,Purple,Viola,Insero,1
Easter Time,2011,16,Violet,Floris,Insero,1
Easter Time,2011,16,Marine,Viola,Insero,1
Easter Time,2011,16,Marine,Aurum,Ligo,1
Easter Time,2011,16,Azure,Ceres,Cesti,1
Easter Time,2011,16,Marine,Callaina,Marinus,1
Easter Time,2011,16,Lime,Muscus,Partiri,1
Aurora Borealis,2011,17,Black,Chroma,Velatus,2
Aurora Borealis,2011,17,Black,Chroma,Marmorea,2
Aurora Borealis,2011,17,Black,Chroma,Marinus,2
Aurora Borealis,2011,17,Black,Chroma,Partiri,2
Color Wheel,2011,18,Black,Carota,Floresco,1
Color Wheel,2011,18,Black,Aurum,Floresco,1
Color Wheel,2011,18,Black,Muscus,Floresco,1
Color Wheel,2011,18,Black,Callaina,Floresco,1
Color Wheel,2011,18,Black,Viola,Floresco,1
Color Wheel,2011,18,Black,Floris,Floresco,1
Insero Rainbow,2011,19,Tangelo,Tingo,Insero,1
Insero Rainbow,2011,19,Yellow,Carota,Insero,1
Insero Rainbow,2011,19,Emerald,Aurum,Insero,1
Insero Rainbow,2011,19,Blue,Folium,Insero,1
Insero Rainbow,2011,19,Royal,Caelus,Insero,1
Insero Rainbow,2011,19,Red,Viola,Insero,1
Neon Insero,2011,20,Black,Callaina,Insero,1
Neon Insero,2011,20,Black,Aurum,Insero,1
Neon Insero,2011,20,Black,Folium,Insero,1
Neon Insero,2011,20,Black,Floris,Insero,1
Peaches and Plums,2011,21,Maroon,Aurum,Insero,4
Peaches and Plums,2011,21,Maroon,Pruni,Insero,4
Neon Veru,2011,22,Black,Callaina,Veru,1
Neon Veru,2011,22,Black,Aurum,Veru,1
Neon Veru,2011,22,Black,Folium,Veru,1
Neon Veru,2011,22,Black,Floris,Veru,1
Blueberries,2011,23,Blue,Picea,Stellata,4
Blueberries,2011,23,Blue,Picea,Viduo,4
Prismatics,2011,24,Glass,Chroma,Ocularis,1
Prismatics,2011,24,Glass,Chroma,Magus,1
Prismatics,2011,24,Glass,Chroma,Spinae,1
Prismatics,2011,24,Glass,Chroma,Cesti,1
Avocado & Pit,2011,25,Olive,Aurum,Insero,7
Avocado & Pit,2011,25,Cocos,Ceres,Anura,1
Angels and Demons,2011,26,Glass,Albeo,Pingo,4
Angels and Demons,2011,26,Red,Tingo,Calvaria,4
Sumo Frogs,2011,27,Beige,Picea,Lucus,1
Sumo Frogs,2011,27,Beige,Albeo,Lucus,1
Sumo Frogs,2011,27,Beige,Tingo,Lucus,1
Sumo Frogs,2011,27,Beige,Caelus,Lucus,1
Duality,2011,28,Black,Albeo,Biplex,4
Duality,2011,28,White,Picea,Biplex,4
Blacknosed,2011,29,Green,Picea,Nasus,1
Blacknosed,2011,29,Azure,Picea,Nasus,1
Blacknosed,2011,29,Violet,Picea,Nasus,1
Blacknosed,2011,29,Yellow,Picea,Nasus,1
Blacknosed,2011,29,Pink,Picea,Nasus,1
Blacknosed,2011,29,Marine,Picea,Nasus,1
Stock Exchange,2011,30,Olive,Folium,Sagitta,4
Stock Exchange,2011,30,Red,Tingo,Sagitta,4
Ballerinas,2011,31,Violet,Ceres,Clunicula,4
Ballerinas,2011,31,Black,Ceres,Clunicula,4
Cigars & Greenbacks,2011,32,Cocos,Aurum,Ocularis,4
Cigars & Greenbacks,2011,32,Olive,Folium,Ocularis,4
Bandaged Up,2011,33,Olive,Albeo,Ligo,2
Bandaged Up,2011,33,Red,Albeo,Ligo,2
Bandaged Up,2011,33,Blue,Albeo,Ligo,2
Supernovae,2011,34,Black,Chroma,Sol,8
Mood Frogs,2011,35,Glass,Chroma,Insero,8
Onions,2011,36,Orange,Aurum,Bulbus,2
Onions,2011,36,White,Albeo,Bulbus,2
Onions,2011,36,Royal,Pruni,Bulbus,2
Clowning Around,2011,37,Red,Aurum,Ludo,1
Clowning Around,2011,37,Yellow,Carota,Ludo,1
Clowning Around,2011,37,White,Floris,Ludo,1
Clowning Around,2011,37,Violet,Callaina,Ludo,1
Clowning Around,2011,37,Marine,Albeo,Ludo,1
Clowning Around,2011,37,Aqua,Viola,Ludo,1
Clowning Around,2011,37,Yellow,Caelus,Ludo,1
Clowning Around,2011,37,Emerald,Caelus,Ludo,1
Ocean Motion,2011,38,Azure,Callaina,Marinus,2
Ocean Motion,2011,38,Marine,Callaina,Marinus,2
Ocean Motion,2011,38,Aqua,Albeo,Marinus,2
Ocean Motion,2011,38,Blue,Caelus,Marinus,2
Mud Skippers,2011,39,Cocos,Bruna,Dextera,2
Mud Skippers,2011,39,Cocos,Cafea,Dextera,2
Mud Skippers,2011,39,Beige,Bruna,Dextera,2
Mud Skippers,2011,39,Beige,Cafea,Dextera,2
Melon and Seeds,2011,40,Olive,Folium,Bulbus,4
Melon and Seeds,2011,40,Red,Picea,Bulla,4
Neon Trivium,2011,41,Black,Callaina,Trivium,2
Neon Trivium,2011,41,Black,Aurum,Trivium,2
Neon Trivium,2011,41,Black,Folium,Trivium,2
Neon Trivium,2011,41,Black,Floris,Trivium,2
String of Pearls,2011,42,Beige,Albeo,Bulla,2
String of Pearls,2011,42,Marine,Albeo,Bulla,2
String of Pearls,2011,42,Purple,Albeo,Bulla,2
String of Pearls,2011,42,Royal,Albeo,Bulla,2
Skeleton Crew,2011,43,Black,Ceres,Spinae,4
Skeleton Crew,2011,43,Black,Ceres,Calvaria,4
Picking Grapes,2011,44,Royal,Pruni,Vinaceus,2
Picking Grapes,2011,44,Green,Folium,Vinaceus,2
Picking Grapes,2011,44,Purple,Viola,Vinaceus,2
Picking Grapes,2011,44,Olive,Muscus,Vinaceus,2
Hot Rods,2011,45,Tangelo,Viola,Persona,1
Hot Rods,2011,45,Azure,Albeo,Persona,1
Hot Rods,2011,45,Black,Carota,Persona,1
Hot Rods,2011,45,Maroon,Aurum,Persona,1
Hot Rods,2011,45,Blue,Aurum,Persona,1
Hot Rods,2011,45,Black,Folium,Persona,1
Hot Rods,2011,45,Golden,Albeo,Persona,1
Hot Rods,2011,45,Purple,Aurum,Persona,1
Galaxies,2011,46,Black,Albeo,Signum,2
Galaxies,2011,46,Purple,Callaina,Signum,2
Galaxies,2011,46,Black,Aurum,Signum,2
Galaxies,2011,46,Purple,Albeo,Signum,2
"Pumpkin, Pies & Foliage",2011,47,Tangelo,Carota,Bulbus,2
"Pumpkin, Pies & Foliage",2011,47,Orange,Albeo,Viduo,2
"Pumpkin, Pies & Foliage",2011,47,Golden,Carota,Ornatus,1
"Pumpkin, Pies & Foliage",2011,47,Red,Tingo,Ornatus,1
"Pumpkin, Pies & Foliage",2011,47,Cocos,Aurum,Ornatus,1
"Pumpkin, Pies & Foliage",2011,47,Tangelo,Bruna,Ornatus,1
Binary Data,2011,48,Black,Folium,Orbis,1
Binary Data,2011,48,White,Picea,Orbis,1
Binary Data,2011,48,Black,Albeo,Orbis,1
Binary Data,2011,48,White,Muscus,Orbis,1
Binary Data,2011,48,Black,Folium,Sagitta,1
Binary Data,2011,48,White,Picea,Sagitta,1
Binary Data,2011,48,Black,Albeo,Sagitta,1
Binary Data,2011,48,White,Muscus,Sagitta,1
Ring Tones,2011,49,Purple,Albeo,Gyrus,1
Ring Tones,2011,49,Green,Albeo,Gyrus,1
Ring Tones,2011,49,Red,Albeo,Gyrus,1
Ring Tones,2011,49,Azure,Albeo,Gyrus,1
Ring Tones,2011,49,Tangelo,Albeo,Gyrus,1
Ring Tones,2011,49,Yellow,Albeo,Gyrus,1
Ring Tones,2011,49,Blue,Albeo,Gyrus,1
Ring Tones,2011,49,Violet,Albeo,Gyrus,1
Deep Freeze,2011,50,White,Cafea,Arbor,2
Deep Freeze,2011,50,Azure,Albeo,Glacio,1
Deep Freeze,2011,50,Blue,Albeo,Signum,1
Deep Freeze,2011,50,Glass,Albeo,Persona,1
Yuletide Greetings,2011,51,Red,Albeo,Bulbus,1
Yuletide Greetings,2011,51,Green,Albeo,Bulbus,1
Yuletide Greetings,2011,51,Glass,Albeo,Glacio,2
Yuletide Greetings,2011,51,White,Tingo,Marinus,1
Yuletide Greetings,2011,51,Olive,Albeo,Marinus,1
Yuletide Greetings,2011,51,Olive,Albeo,Ligo,1
Yuletide Greetings,2011,51,Red,Albeo,Ligo,1
Happy 2012!,2011,52,Black,Folium,Geminus,1
Happy 2012!,2011,52,Black,Folium,Orbis,1
Happy 2012!,2011,52,Black,Folium,Sagitta,1
Happy 2012!,2011,52,Black,Muscus,Geminus,1
Pure Gold,2012,1,Golden,Aurum,Ornatus,1
Pure Gold,2012,1,Golden,Aurum,Stellata,1
Pure Gold,2012,1,Golden,Aurum,Cesti,1
Pure Gold,2012,1,Golden,Aurum,Ludo,1
Pure Gold,2012,1,Golden,Aurum,Sol,1
Pure Gold,2012,1,Golden,Aurum,Corona,1
Pure Gold,2012,1,Golden,Aurum,Ocularis,1
Pure Gold,2012,1,Golden,Aurum,Pingo,1
Pandamonium,2012,2,White,Picea,Clunicula,3
Pandamonium,2012,2,Green,Folium,Zebrae,4
Pandamonium,2012,2,Red,Aurum,Stellata,1
Superheroes,2012,3,Golden,Picea,Tribus,1
Superheroes,2012,3,Blue,Albeo,Stellata,1
Superheroes,2012,3,Green,Viola,Clunicula,1
Superheroes,2012,3,Maroon,Aurum,Obaro,1
Superheroes,2012,3,Red,Caelus,Mixtus,1
Superheroes,2012,3,Black,Aurum,Viduo,1
Superheroes,2012,3,Blue,Tingo,Clunicula,1
Superheroes,2012,3,Olive,Albeo,Nimbilis,1
Laser Beams,2012,4,Black,Callaina,Bulbus,1
Laser Beams,2012,4,Black,Muscus,Bulbus,1
Laser Beams,2012,4,Black,Callaina,Cesti,1
Laser Beams,2012,4,Black,Muscus,Cesti,1
Laser Beams,2012,4,Black,Callaina,Ligo,1
Laser Beams,2012,4,Black,Muscus,Ligo,1
Laser Beams,2012,4,Black,Callaina,Sagitta,1
Laser Beams,2012,4,Black,Muscus,Sagitta,1
Raisins,2012,5,Purple,Pruni,Crustalli,1
Raisins,2012,5,Purple,Pruni,Velatus,1
Raisins,2012,5,Purple,Pruni,Marmorea,1
Raisins,2012,5,Purple,Pruni,Zebrae,1
Raisins,2012,5,Purple,Pruni,Africanus,1
Raisins,2012,5,Purple,Pruni,Bovis,1
Raisins,2012,5,Purple,Pruni,Dextera,1
Raisins,2012,5,Purple,Pruni,Arbor,1
Sweethearts,2012,6,White,Floris,Obaro,2
Sweethearts,2012,6,Violet,Albeo,Obaro,2
Sweethearts,2012,6,Pink,Viola,Obaro,2
Sweethearts,2012,6,Red,Tingo,Obaro,2
Soda Pops,2012,7,Blue,Tingo,Biplex,1
Soda Pops,2012,7,Red,Albeo,Pingo,1
Soda Pops,2012,7,Green,Tingo,Orbis,1
Soda Pops,2012,7,Blue,Folium,Signum,1
Soda Pops,2012,7,Maroon,Albeo,Sagitta,1
Soda Pops,2012,7,Olive,Folium,Corona,1
Snakes!,2012,8,Maroon,Aurum,Calyx,1
Snakes!,2012,8,Green,Folium,Serpentis,1
Snakes!,2012,8,Beige,Bruna,Serpentis,1
Snakes!,2012,8,Maroon,Ceres,Geminus,1
Snakes!,2012,8,Golden,Aurum,Serpentis,1
Snakes!,2012,8,Golden,Bruna,Zebrae,1
Snakes!,2012,8,Beige,Bruna,Zebrae,1
Snakes!,2012,8,Beige,Albeo,Adamantis,1
Sparkly Gems,2012,9,Blue,Callaina,Signum,1
Sparkly Gems,2012,9,Red,Tingo,Signum,1
Sparkly Gems,2012,9,Green,Folium,Signum,1
Sparkly Gems,2012,9,Royal,Floris,Signum,1
Sparkly Gems,2012,9,Golden,Aurum,Signum,1
Sparkly Gems,2012,9,Marine,Callaina,Signum,1
Sparkly Gems,2012,9,Orange,Aurum,Signum,1
Complementary Hues,2012,10,Purple,Aurum,Biplex,1
Complementary Hues,2012,10,Blue,Carota,Biplex,1
Complementary Hues,2012,10,Green,Tingo,Biplex,1
Complementary Hues,2012,10,Yellow,Viola,Biplex,1
Complementary Hues,2012,10,Tangelo,Caelus,Biplex,1
Complementary Hues,2012,10,Red,Folium,Biplex,1
Shamrocks,2012,11,Olive,Folium,Floresco,1
Shamrocks,2012,11,Olive,Folium,Clunicula,1
Shamrocks,2012,11,Olive,Folium,Puncti,1
Shamrocks,2012,11,Olive,Folium,Roboris,1
Shamrocks,2012,11,Olive,Folium,Ornatus,1
Shamrocks,2012,11,Olive,Folium,Ocularis,1
Shamrocks,2012,11,Olive,Folium,Ludo,1
Shamrocks,2012,11,Olive,Folium,Dextera,1
Ice Cream Sundae,2012,12,White,Cafea,Persona,1
Ice Cream Sundae,2012,12,Pink,Cafea,Persona,1
Ice Cream Sundae,2012,12,Cocos,Cafea,Persona,1
Ice Cream Sundae,2012,12,White,Albeo,Marinus,3
Ice Cream Sundae,2012,12,Red,Tingo,Insero,1
Monarch Butterfrogs,2012,13,Black,Carota,Magus,2
Monarch Butterfrogs,2012,13,Black,Carota,Zebrae,2
Monarch Butterfrogs,2012,13,Black,Carota,Pingo,2
Monarch Butterfrogs,2012,13,Black,Carota,Ludo,2
Easter Eggs,2012,14,Azure,Albeo,Geminus,1
Easter Eggs,2012,14,Azure,Albeo,Bulbus,1
Easter Eggs,2012,14,Violet,Aurum,Marinus,1
Easter Eggs,2012,14,Emerald,Folium,Adamantis,1
Easter Eggs,2012,14,Royal,Aurum,Amfractus,1
Easter Eggs,2012,14,Violet,Albeo,Ludo,1
Easter Eggs,2012,14,Marine,Caelus,Trivium,1
Easter Eggs,2012,14,Tangelo,Aurum,Gyrus,1
Tribal Council,2012,15,Beige,Picea,Tribus,1
Tribal Council,2012,15,Cocos,Albeo,Ludo,1
Tribal Council,2012,15,Black,Ceres,Trivium,1
Tribal Council,2012,15,Cocos,Aurum,Ocularis,1
Tribal Council,2012,15,Beige,Albeo,Amfractus,1
Tribal Council,2012,15,Black,Ceres,Pingo,1
Tribal Council,2012,15,Cocos,Albeo,Spinae,1
Tribal Council,2012,15,Beige,Tingo,Lucus,1
Planet Earth,2012,16,Blue,Folium,Biplex,2
Planet Earth,2012,16,Blue,Folium,Magus,2
Planet Earth,2012,16,Blue,Folium,Dextera,2
Planet Earth,2012,16,Blue,Folium,Obaro,2
Yellow Jackets,2012,17,Golden,Picea,Geminus,2
Yellow Jackets,2012,17,Golden,Picea,Tribus,2
Yellow Jackets,2012,17,Golden,Picea,Partiri,2
Yellow Jackets,2012,17,Golden,Aurum,Veru,2
Cinco de Mayo,2012,18,Emerald,Muscus,Cesti,1
Cinco de Mayo,2012,18,Emerald,Muscus,Ligo,1
Cinco de Mayo,2012,18,White,Albeo,Ludo,1
Cinco de Mayo,2012,18,White,Bruna,Obaro,1
Cinco de Mayo,2012,18,White,Albeo,Bulla,1
Cinco de Mayo,2012,18,Red,Tingo,Biplex,1
Cinco de Mayo,2012,18,Red,Tingo,Insero,1
Flowers for Mom,2012,19,Green,Folium,Bulbus,1
Flowers for Mom,2012,19,Green,Folium,Persona,1
Flowers for Mom,2012,19,Green,Folium,Ornatus,1
Flowers for Mom,2012,19,Green,Folium,Cesti,1
Flowers for Mom,2012,19,Violet,Floris,Obaro,1
Flowers for Mom,2012,19,White,Albeo,Obaro,1
Flowers for Mom,2012,19,Purple,Viola,Obaro,1
Flowers for Mom,2012,19,Yellow,Aurum,Obaro,1
Pizza Party,2012,20,Beige,Bruna,Crustalli,1
Pizza Party,2012,20,Beige,Bruna,Velatus,1
Pizza Party,2012,20,Beige,Bruna,Marmorea,1
Pizza Party,2012,20,Beige,Bruna,Dextera,1
Pizza Party,2012,20,Orange,Tingo,Puncti,1
Pizza Party,2012,20,Orange,Aurum,Gyrus,1
Pizza Party,2012,20,Orange,Picea,Bulla,1
Pizza Party,2012,20,Orange,Albeo,Bovis,1
Memorial Day,2012,21,Blue,Albeo,Stellata,1
Memorial Day,2012,21,Maroon,Albeo,Bulbus,1
Memorial Day,2012,21,White,Tingo,Bulbus,1
Memorial Day,2012,21,Beige,Ceres,Velatus,1
Memorial Day,2012,21,Olive,Bruna,Velatus,1
Memorial Day,2012,21,Blue,Callaina,Velatus,1
Sunflowers,2012,22,Golden,Bruna,Nimbilis,1
Sunflowers,2012,22,Green,Folium,Ornatus,1
Sunflowers,2012,22,Olive,Folium,Ornatus,1
Sunflowers,2012,22,Yellow,Bruna,Nimbilis,1
Sunflowers,2012,22,Green,Folium,Partiri,1
Sunflowers,2012,22,Olive,Folium,Partiri,1
Kaleidoscope,2012,23,Aqua,Floris,Stellata,1
Kaleidoscope,2012,23,Violet,Muscus,Adamantis,1
Kaleidoscope,2012,23,Emerald,Pruni,Viduo,1
Kaleidoscope,2012,23,Purple,Aurum,Sol,1
Kaleidoscope,2012,23,Red,Callaina,Corona,1
Kaleidoscope,2012,23,Marine,Albeo,Floresco,1
Kaleidoscope,2012,23,White,Viola,Glacio,1
Fathers Day 2012,2012,24,Azure,Caelus,Ligo,2
Fathers Day 2012,2012,24,Azure,Caelus,Pingo,2
Fathers Day 2012,2012,24,Azure,Caelus,Magus,2
Fathers Day 2012,2012,24,Azure,Caelus,Tribus,2
June Bugs,2012,25,Marine,Folium,Obaro,2
June Bugs,2012,25,Cocos,Carota,Obaro,2
June Bugs,2012,25,Red,Tingo,Obaro,2
June Bugs,2012,25,Black,Bruna,Obaro,2
Pineapple Bits,2012,26,Yellow,Aurum,Zebrae,2
Pineapple Bits,2012,26,Yellow,Aurum,Partiri,2
Pineapple Bits,2012,26,Yellow,Aurum,Velatus,2
Fireworks,2012,27,Black,Aurum,Signum,1
Fireworks,2012,27,Black,Carota,Signum,1
Fireworks,2012,27,Black,Callaina,Sol,1
Fireworks,2012,27,Black,Folium,Sol,1
Fireworks,2012,27,Black,Albeo,Amfractus,1
Fireworks,2012,27,Black,Floris,Amfractus,1
Beachtime,2012,28,Azure,Caelus,Partiri,2
Beachtime,2012,28,Beige,Caelus,Insero,2
Beachtime,2012,28,Beige,Albeo,Gyrus,2
Beachtime,2012,28,Beige,Aurum,Nimbilis,1
Beachtime,2012,28,Red,Albeo,Bulbus,1
Kiwi Slices,2012,29,Green,Picea,Floresco,2
Kiwi Slices,2012,29,Green,Picea,Viduo,2
Kiwi Slices,2012,29,Green,Picea,Stellata,2
Kiwi Slices,2012,29,Green,Picea,Glacio,2
Iced Tea,2012,30,Tangelo,Ceres,Glacio,2
Iced Tea,2012,30,Tangelo,Ceres,Bulla,2
Iced Tea,2012,30,Tangelo,Ceres,Gyrus,2
Iced Tea,2012,30,Tangelo,Ceres,Africanus,2
Hot Dogs,2012,31,Cocos,Aurum,Cesti,1
Hot Dogs,2012,31,Cocos,Tingo,Cesti,1
Hot Dogs,2012,31,Cocos,Folium,Dextera,1
Hot Dogs,2012,31,Cocos,Albeo,Adamantis,1
Hot Dogs,2012,31,Beige,Bruna,Insero,1
Hot Dogs,2012,31,Cocos,Ceres,Insero,1
Fern Frogs,2012,32,Green,Folium,Obaro,2
Fern Frogs,2012,32,Green,Folium,Ornatus,2
Fern Frogs,2012,32,Green,Folium,Zebrae,2
Fern Frogs,2012,32,Green,Folium,Partiri,2
Heat Wave,2012,33,Glass,Tingo,Sagitta,2
Heat Wave,2012,33,Azure,Aurum,Sol,2
Heat Wave,2012,33,Glass,Carota,Marinus,2
Heat Wave,2012,33,Azure,Carota,Sol,2
Hawaiian Shirts,2012,34,Blue,Albeo,Ornatus,1
Hawaiian Shirts,2012,34,Emerald,Albeo,Ornatus,1
Hawaiian Shirts,2012,34,Red,Albeo,Ornatus,1
Hawaiian Shirts,2012,34,Tangelo,Picea,Ornatus,1
Hawaiian Shirts,2012,34,Marine,Ceres,Ornatus,1
Hawaiian Shirts,2012,34,Olive,Albeo,Ornatus,1
Hawaiian Shirts,2012,34,Black,Muscus,Ornatus,1
Hawaiian Shirts,2012,34,Azure,Folium,Ornatus,1
Palm Trees,2012,35,Olive,Folium,Bulbus,2
Palm Trees,2012,35,Beige,Bruna,Insero,2
Palm Trees,2012,35,Beige,Bruna,Partiri,4
Coral Reef,2012,36,Blue,Ceres,Arbor,1
Coral Reef,2012,36,Blue,Floris,Arbor,1
Coral Reef,2012,36,Blue,Carota,Arbor,1
Coral Reef,2012,36,Blue,Albeo,Arbor,1
Coral Reef,2012,36,White,Carota,Partiri,2
Coral Reef,2012,36,White,Aurum,Calyx,1
Coral Reef,2012,36,Yellow,Caelus,Veru,1
Glass Marbles,2012,37,Glass,Carota,Trivium,1
Glass Marbles,2012,37,Glass,Viola,Bulbus,1
Glass Marbles,2012,37,Glass,Caelus,Biplex,1
Glass Marbles,2012,37,Glass,Aurum,Corona,1
Glass Marbles,2012,37,Glass,Floris,Amfractus,1
Glass Marbles,2012,37,Glass,Albeo,Zebrae,1
Glass Marbles,2012,37,Glass,Muscus,Marmorea,1
Play Ball,2012,38,White,Tingo,Bulla,1
Play Ball,2012,38,Cocos,Albeo,Adamantis,1
Play Ball,2012,38,Tangelo,Picea,Lucus,1
Play Ball,2012,38,Lime,Ceres,Geminus,1
Play Ball,2012,38,White,Picea,Trivium,1
Back to School,2012,39,Golden,Ceres,Clunicula,4
Back to School,2012,39,White,Caelus,Geminus,2
Back to School,2012,39,Maroon,Folium,Ornatus,2
Leaf Peeping,2012,40,Tangelo,Aurum,Dextera,2
Leaf Peeping,2012,40,Maroon,Carota,Glacio,2
Leaf Peeping,2012,40,Green,Aurum,Insero,2
Leaf Peeping,2012,40,Golden,Bruna,Arbor,2
Bowl O Rama,2012,41,White,Tingo,Geminus,7
Bowl O Rama,2012,41,Black,Picea,Anura,1
Fall Sweaters,2012,42,Black,Albeo,Adamantis,2
Fall Sweaters,2012,42,Golden,Bruna,Cesti,2
Fall Sweaters,2012,42,Beige,Ceres,Gyrus,2
Fall Sweaters,2012,42,Cocos,Albeo,Floresco,2
Candy Corns,2012,43,Golden,Carota,Cesti,2
Candy Corns,2012,43,White,Carota,Clunicula,2
Candy Corns,2012,43,Tangelo,Aurum,Geminus,2
Candy Corns,2012,43,Tangelo,Albeo,Persona,2
Trick or Treat,2012,44,Tangelo,Aurum,Lanterna,2
Trick or Treat,2012,44,Glass,Albeo,Persona,2
Trick or Treat,2012,44,Green,Picea,Vinaceus,2
Trick or Treat,2012,44,Beige,Albeo,Ligo,2
Veterans Day,2012,45,Blue,Albeo,Stellata,2
Veterans Day,2012,45,Olive,Bruna,Velatus,2
Veterans Day,2012,45,Cocos,Ceres,Velatus,2
Veterans Day,2012,45,Red,Albeo,Partiri,2
Harvest,2012,46,Orange,Aurum,Serpentis,2
Harvest,2012,46,Olive,Folium,Velatus,2
Harvest,2012,46,Tangelo,Carota,Bulbus,2
Harvest,2012,46,Orange,Folium,Vinaceus,2
Indian Corn,2012,47,Tangelo,Aurum,Serpentis,2
Indian Corn,2012,47,Tangelo,Tingo,Serpentis,2
Indian Corn,2012,47,White,Aurum,Serpentis,2
Indian Corn,2012,47,Cocos,Carota,Serpentis,2
First Snow,2012,48,Glass,Albeo,Floresco,2
First Snow,2012,48,Glass,Albeo,Signum,2
First Snow,2012,48,Glass,Albeo,Glacio,2
First Snow,2012,48,Glass,Albeo,Magus,2
Lights in the Tree,2012,49,Olive,Bruna,Arbor,2
Lights in the Tree,2012,49,Olive,Cafea,Arbor,2
Lights in the Tree,2012,49,Olive,Aurum,Stellata,1
Lights in the Tree,2012,49,Olive,Folium,Stellata,1
Lights in the Tree,2012,49,Olive,Carota,Stellata,1
Lights in the Tree,2012,49,Olive,Caelus,Stellata,1
Eight Frogdeers,2012,50,Red,Bruna,Clunicula,1
Eight Frogdeers,2012,50,Beige,Bruna,Clunicula,7
Giving Gifts,2012,51,Red,Aurum,Ligo,2
Giving Gifts,2012,51,Emerald,Tingo,Ligo,2
Giving Gifts,2012,51,Maroon,Albeo,Ligo,2
Giving Gifts,2012,51,Golden,Tingo,Ligo,2
Bubbly and Fireworks,2012,52,Golden,Albeo,Gyrus,2
Bubbly and Fireworks,2012,52,Black,Callaina,Signum,2
Bubbly and Fireworks,2012,52,Black,Floris,Signum,2
Bubbly and Fireworks,2012,52,Black,Folium,Signum,2
Happy 2013!,2013,1,Black,Albeo,Geminus,1
Happy 2013!,2013,1,Black,Albeo,Orbis,1
Happy 2013!,2013,1,Black,Albeo,Sagitta,1
Happy 2013!,2013,1,Black,Albeo,Persona,1
Temple Run,2013,2,Cocos,Aurum,Templum,1
Temple Run,2013,2,Cocos,Aurum,Pyramis,2
Temple Run,2013,2,Cocos,Callaina,Pyramis,2
Temple Run,2013,2,Black,Albeo,Calvaria,3
Tesla Coil,2013,3,Black,Callaina,Volta,2
Tesla Coil,2013,3,Black,Floris,Volta,2
Tesla Coil,2013,3,Black,Viola,Volta,2
Tesla Coil,2013,3,Black,Callaina,Corona,1
Glittering Gems,2013,4,Glass,Albeo,Gemma,2
Glittering Gems,2013,4,Glass,Viola,Gemma,2
Glittering Gems,2013,4,Glass,Folium,Gemma,2
Glittering Gems,2013,4,Glass,Caelus,Gemma,2
Quilting,2013,5,Marine,Caelus,Quilta,1
Quilting,2013,5,Red,Ceres,Quilta,1
Quilting,2013,5,Violet,Pruni,Quilta,1
Quilting,2013,5,Orange,Bruna,Quilta,1
Quilting,2013,5,White,Tingo,Quilta,1
Quilting,2013,5,Green,Aurum,Quilta,1
Quilting,2013,5,Purple,Floris,Quilta,1
Quilting,2013,5,Tangelo,Pruni,Quilta,1
Parrots,2013,6,Olive,Folium,Pluma,2
Parrots,2013,6,Orange,Caelus,Pluma,2
Parrots,2013,6,Tangelo,Aurum,Pluma,2
Parrots,2013,6,Green,Carota,Pluma,2
A Kiss,2013,7,White,Floris,Roboris,1
A Kiss,2013,7,White,Tingo,Roboris,1
A Kiss,2013,7,Violet,Albeo,Roboris,1
A Kiss,2013,7,Maroon,Albeo,Roboris,1
A Kiss,2013,7,Violet,Albeo,Janus,1
Happy Birthday Mom!,2013,8,Royal,Aurum,Lotus,4
Happy Birthday Mom!,2013,8,Purple,Viola,Gemma,2
Happy Birthday Mom!,2013,8,Royal,Callaina,Nodare,2
Maori Tattoo,2013,9,Beige,Picea,Cornus,1
Maori Tattoo,2013,9,Beige,Picea,Templum,1
Maori Tattoo,2013,9,Beige,Picea,Obaro,1
Maori Tattoo,2013,9,Beige,Picea,Tribus,1
Maori Tattoo,2013,9,Beige,Picea,Pingo,1
Maori Tattoo,2013,9,Beige,Picea,Hennae,1
Maori Tattoo,2013,9,Beige,Picea,Emblema,1
Maori Tattoo,2013,9,Beige,Picea,Sol,1
Road Signs,2013,10,Golden,Picea,Flecto,2
Road Signs,2013,10,Black,Albeo,Infinitas,2
Road Signs,2013,10,Orange,Picea,Botulus,2
Road Signs,2013,10,Red,Picea,Lunaris,2
Pot of Gold,2013,11,Olive,Folium,Nodare,4
Pot of Gold,2013,11,Yellow,Carota,Lunaris,4
Wet Paint,2013,12,Blue,Caelus,Pictoris,2
Wet Paint,2013,12,Emerald,Folium,Pictoris,2
Wet Paint,2013,12,Purple,Viola,Pictoris,2
Wet Paint,2013,12,Tangelo,Carota,Pictoris,2
Spring!,2013,13,Glass,Viola,Papilio,1
Spring!,2013,13,Glass,Aurum,Papilio,1
Spring!,2013,13,Glass,Albeo,Papilio,1
Spring!,2013,13,Glass,Callaina,Papilio,1
Spring!,2013,13,Golden,Picea,Flecto,2
Spring!,2013,13,Azure,Aurum,Fortuno,1
Computer Frogs,2013,14,Olive,Albeo,Mazeus,6
Computer Frogs,2013,14,Black,Tingo,Vicis,1
Computer Frogs,2013,14,Black,Folium,Vicis,1
Camping Out,2013,15,Purple,Callaina,Nebula,6
Camping Out,2013,15,Black,Carota,Igneous,2
Earth Day 2013,2013,16,Azure,Muscus,Ornatus,2
Earth Day 2013,2013,16,Blue,Folium,Planeta,1
Earth Day 2013,2013,16,Blue,Caelus,Marinus,2
Sailboat Race,2013,17,Blue,Aurum,Axis,2
Sailboat Race,2013,17,Azure,Albeo,Pyramis,2
Sailboat Race,2013,17,Blue,Caelus,Marinus,3
Honeycomb,2013,18,Golden,Picea,Geminus,2
Honeycomb,2013,18,Golden,Aurum,Favus,5
Mothers Day 2013,2013,19,Marine,Floris,Lotus,2
Mothers Day 2013,2013,19,Violet,Aurum,Floresco,2
Mothers Day 2013,2013,19,Azure,Albeo,Fortuno,2
Mothers Day 2013,2013,19,Lime,Viola,Papilio,2
Fractals,2013,20,Violet,Callaina,Fractus,2
Fractals,2013,20,Emerald,Pruni,Fractus,2
Fractals,2013,20,Red,Aurum,Fractus,2
Fractals,2013,20,Purple,Folium,Fractus,2
Memorial Day 2013,2013,21,Red,Albeo,Americano,1
Memorial Day 2013,2013,21,Blue,Albeo,Americano,1
Memorial Day 2013,2013,21,Red,Albeo,Frondis,1
Memorial Day 2013,2013,21,Blue,Albeo,Frondis,1
Memorial Day 2013,2013,21,Beige,Bruna,Marmorea,2
Memorial Day 2013,2013,21,Olive,Bruna,Marmorea,2
Complimentary,2013,22,Emerald,Viola,Scutulata,2
Complimentary,2013,22,Tangelo,Caelus,Dimidius,2
Complimentary,2013,22,Pink,Aurum,Biplex,2
Complimentary,2013,22,Red,Folium,Trivium,2
Shark Attack,2013,23,Blue,Caelus,Marinus,4
Shark Attack,2013,23,Azure,Picea,Pistrix,4
For Dads,2013,24,Maroon,Aurum,Botulus,2
For Dads,2013,24,Azure,Picea,Mustacium,2
For Dads,2013,24,Blue,Callaina,Palma,2
For Dads,2013,24,Golden,Albeo,Pluma,2
Twilight Zone,2013,25,White,Picea,Frondis,2
Twilight Zone,2013,25,White,Picea,Amfractus,2
Twilight Zone,2013,25,White,Picea,Corona,2
Twilight Zone,2013,25,White,Picea,Spira,2
Lily Pads,2013,26,Olive,Folium,Arcus,4
Lily Pads,2013,26,Olive,Albeo,Lotus,2
Lily Pads,2013,26,Olive,Floris,Lotus,2
July 4th,2013,27,Red,Albeo,Americano,1
July 4th,2013,27,Blue,Albeo,Americano,1
July 4th,2013,27,Maroon,Aurum,Botulus,1
July 4th,2013,27,Black,Callaina,Frondis,1
July 4th,2013,27,Black,Albeo,Frondis,1
July 4th,2013,27,Black,Floris,Frondis,1
Henna,2013,28,Beige,Tingo,Emblema,2
Henna,2013,28,Beige,Tingo,Hennae,2
Henna,2013,28,Beige,Tingo,Fortuno,2
Henna,2013,28,Beige,Tingo,Spira,2
Summer Fruits,2013,29,Green,Folium,Frondis,2
Summer Fruits,2013,29,Red,Tingo,Pulvillus,2
Summer Fruits,2013,29,Red,Aurum,Insero,2
Summer Fruits,2013,29,Blue,Caelus,Lunaris,2
FroYo,2013,30,Cocos,Albeo,Coclearis,2
FroYo,2013,30,White,Muscus,Coclearis,2
FroYo,2013,30,Violet,Callaina,Coclearis,2
FroYo,2013,30,Beige,Floris,Coclearis,2
Checkers,2013,31,Glass,Picea,Orbis,2
Checkers,2013,31,Glass,Tingo,Orbis,2
Checkers,2013,31,Red,Picea,Scutulata,4
Nose Art,2013,32,2xOrange,Floris,Persona,1
Nose Art,2013,32,2xPurple,Callaina,Pluma,1
Nose Art,2013,32,2xRed,Aurum,Igneous,1
Nose Art,2013,32,2xViolet,Muscus,Pictoris,1
The Blues,2013,33,Blue,Callaina,Tessera,2
The Blues,2013,33,Blue,Callaina,Gemma,2
The Blues,2013,33,Blue,Callaina,Arcus,2
The Blues,2013,33,Blue,Callaina,Pluma,2
Scorching,2013,34,Maroon,Aurum,Fractus,2
Scorching,2013,34,Maroon,Aurum,Igneous,2
Scorching,2013,34,Maroon,Aurum,Lunaris,2
Scorching,2013,34,Maroon,Aurum,Volta,2
Frog Rock,2013,35,White,Picea,Cornus,2
Frog Rock,2013,35,White,Picea,Americano,2
Frog Rock,2013,35,White,Picea,Signum,2
Frog Rock,2013,35,White,Picea,Persona,2
Chalkboard,2013,36,Olive,Albeo,Vicis,2
Chalkboard,2013,36,Olive,Albeo,Symphonia,2
Chalkboard,2013,36,Olive,Albeo,Axis,2
Chalkboard,2013,36,Olive,Albeo,Skeletos,2
Photo Session,2013,37,Black,Picea,Foramen,1
Photo Session,2013,37,Black,Ceres,Janus,1
Photo Session,2013,37,White,Picea,Lunaris,2
Photo Session,2013,37,Glass,Folium,Lotus,2
Firefighters,2013,38,Black,Carota,Igneous,2
Firefighters,2013,38,Cocos,Aurum,Igneous,2
Firefighters,2013,38,Olive,Carota,Igneous,2
Firefighters,2013,38,Tangelo,Aurum,Shelbus,2
Pirates,2013,39,Azure,Callaina,Marinus,4
Pirates,2013,39,Beige,Picea,Axis,1
Pirates,2013,39,Orange,Aurum,Lunaris,1
Pirates,2013,39,Black,Albeo,Calvaria,1
Pirates,2013,39,Emerald,Folium,Gemma,1
Frog Spotting,2013,40,Purple,Carota,Magus,2
Frog Spotting,2013,40,Black,Folium,Ludo,2
Frog Spotting,2013,40,Lime,Caelus,Signum,2
Frog Spotting,2013,40,White,Tingo,Puncti,2
Lightbulbs,2013,41,Glass,Aurum,Fractus,2
Lightbulbs,2013,41,Glass,Aurum,Levar,2
Lightbulbs,2013,41,Glass,Aurum,Vicis,2
Lightbulbs,2013,41,Glass,Aurum,Volta,2
Rainbolt,2013,42,Violet,Albeo,Figularis,1
Rainbolt,2013,42,Red,Albeo,Figularis,1
Rainbolt,2013,42,Orange,Albeo,Figularis,1
Rainbolt,2013,42,Yellow,Albeo,Figularis,1
Rainbolt,2013,42,Emerald,Albeo,Figularis,1
Rainbolt,2013,42,Azure,Albeo,Figularis,1
Rainbolt,2013,42,Blue,Albeo,Figularis,1
Rainbolt,2013,42,Purple,Albeo,Figularis,1
Costumes,2013,43,Red,Tingo,Cornus,2
Costumes,2013,43,Black,Albeo,Skeletos,2
Costumes,2013,43,Royal,Callaina,Papilio,2
Costumes,2013,43,Black,Aurum,Templum,2
Halloween 2013,2013,44,Tangelo,Aurum,Lanterna,2
Halloween 2013,2013,44,Black,Albeo,Calvaria,2
Halloween 2013,2013,44,Black,Carota,Nodare,2
Halloween 2013,2013,44,Black,Callaina,Volta,2
Galaxy Far Away,2013,45,Golden,Aurum,Mazeus,1
Galaxy Far Away,2013,45,Blue,Albeo,Shelbus,1
Galaxy Far Away,2013,45,Green,Folium,Cornus,1
Galaxy Far Away,2013,45,Black,Callaina,Volta,1
Galaxy Far Away,2013,45,Black,Floris,Volta,1
Galaxy Far Away,2013,45,White,Picea,Pistrix,1
Galaxy Far Away,2013,45,Black,Picea,Calvaria,1
Veterans Day 2013,2013,46,Blue,Albeo,Stellata,2
Veterans Day 2013,2013,46,Maroon,Albeo,Stellata,2
Veterans Day 2013,2013,46,Maroon,Albeo,Americano,2
Veterans Day 2013,2013,46,Blue,Albeo,Americano,2
Fall Frogs,2013,47,Golden,Aurum,Aceris,2
Fall Frogs,2013,47,Red,Tingo,Aceris,2
Fall Frogs,2013,47,Beige,Bruna,Aceris,2
Fall Frogs,2013,47,Orange,Carota,Aceris,2
Thanksgiving 2013,2013,48,Tangelo,Carota,Bulbus,2
Thanksgiving 2013,2013,48,Golden,Aurum,Pulvillus,2
Thanksgiving 2013,2013,48,Cocos,Ceres,Pluma,2
Thanksgiving 2013,2013,48,Beige,Aurum,Aceris,2
Let It Snow,2013,49,Glass,Albeo,Gemma,2
Let It Snow,2013,49,Glass,Albeo,Axis,2
Let It Snow,2013,49,Glass,Albeo,Glacio,2
Let It Snow,2013,49,Glass,Albeo,Stellata,2
Peppermint Hop,2013,50,Red,Albeo,Frondis,2
Peppermint Hop,2013,50,Red,Albeo,Spira,2
Peppermint Hop,2013,50,Red,Albeo,Tabula,2
Peppermint Hop,2013,50,Red,Albeo,Bulbus,2
Green Garland,2013,51,Cocos,Cafea,Pulvillus,3
Green Garland,2013,51,Olive,Folium,Pluma,4
Gift Wrap,2013,52,Red,Albeo,Nodare,2
Gift Wrap,2013,52,Golden,Tingo,Nodare,2
Gift Wrap,2013,52,Azure,Aurum,Nodare,2
Gift Wrap,2013,52,White,Tingo,Nodare,2
Happy Holiday 2013,2013,53,Maroon,Albeo,Glacio,2
Happy Holiday 2013,2013,53,Olive,Albeo,Glacio,2
Happy Holiday 2013,2013,53,Azure,Albeo,Glacio,2
Happy Holiday 2013,2013,53,Maroon,Albeo,Bulbus,1
Happy Holiday 2013,2013,53,Olive,Albeo,Bulbus,1
Happy 2014,2014,1,Black,Aurum,Frondis,2
Happy 2014,2014,1,Black,Callaina,Frondis,2
Happy 2014,2014,1,Black,Floris,Frondis,2
Happy 2014,2014,1,Black,Albeo,Janus,1
The Final Set!,2014,2,Purple,Viola,Fortuno,1
The Final Set!,2014,2,Golden,Aurum,Emblema,1
The Final Set!,2014,2,Green,Folium,Hennae,1
The Final Set!,2014,2,Blue,Callaina,Tessera,1
The Final Set!,2014,2,Red,Tingo,Gemma,1
The Final Set!,2014,2,Royal,Floris,Arcus,1
In Memory of Mom,2014,3,Purple,Viola,Hennae,1
In Memory of Mom,2014,3,Purple,Viola,Gemma,1
In Memory of Mom,2014,3,Golden,Aurum,Fortuno,1
In Memory of Mom,2014,3,Golden,Aurum,Emblema,1
In Memory of Mom,2014,3,Azure,Caelus,Quilta,1
In Memory of Mom,2014,3,Azure,Caelus,Palma,1
In Memory of Mom,2014,3,Marine,Muscus,Amfractus,1
In Memory of Mom,2014,3,Marine,Muscus,Ornatus,1
Hot Cocoa,2019,51,White,Bruna,Arcus,2
Hot Cocoa,2019,51,Cocos,Albeo,Puncti,2
Hot Cocoa,2019,51,Cocos,Bruna,Marinus,2
Hot Cocoa,2019,51,Cocos,Albeo,Coclearis,1
Hot Cocoa,2019,51,White,Tingo,Bulbus,1
Laser Lights,2019,52,Black,Tingo,Amfractus,1
Laser Lights,2019,52,Black,Muscus,Amfractus,1
Laser Lights,2019,52,Black,Albeo,Glacio,1
Laser Lights,2019,52,Black,Callaina,Glacio,1
Laser Lights,2019,52,Black,Tingo,Gyrus,1
Laser Lights,2019,52,Black,Muscus,Gyrus,1
Laser Lights,2019,52,Green,Picea,Favus,1
Laser Lights,2019,52,Maroon,Picea,Favus,1
Sparkling Cider,2020,1,Golden,Aurum,Bulla,1
Sparkling Cider,2020,1,Golden,Aurum,Spinae,1
Sparkling Cider,2020,1,Golden,Aurum,Amfractus,1
Sparkling Cider,2020,1,Golden,Aurum,Gyrus,1
Sparkling Cider,2020,1,Golden,Aurum,Signum,1
Sparkling Cider,2020,1,Golden,Aurum,Favus,1
Sparkling Cider,2020,1,Golden,Aurum,Splendico,1
Sparkling Cider,2020,1,Golden,Aurum,Latus,1
Snow Powder,2020,2,Azure,Albeo,Puncti,1
Snow Powder,2020,2,Azure,Albeo,Dextera,1
Snow Powder,2020,2,Azure,Albeo,Spinae,1
Snow Powder,2020,2,Azure,Albeo,Bulla,1
Snow Powder,2020,2,Azure,Albeo,Magus,1
Snow Powder,2020,2,Azure,Albeo,Signum,1
Snow Powder,2020,2,Azure,Albeo,Gemma,1
Snow Powder,2020,2,Azure,Albeo,Nebula,1
Hundred Dollar Bill,2020,3,Olive,Albeo,Orbis,2
Hundred Dollar Bill,2020,3,Olive,Albeo,Ornatus,2
Hundred Dollar Bill,2020,3,Olive,Albeo,Shelbus,2
Hundred Dollar Bill,2020,3,Olive,Albeo,Sagitta,1
To the Moon,2020,4,Blue,Folium,Planeta,1
To the Moon,2020,4,Black,Albeo,Amfractus,1
To the Moon,2020,4,Black,Albeo,Signum,1
To the Moon,2020,4,Black,Picea,Spira,1
To the Moon,2020,4,Black,Picea,Lunaris,1
To the Moon,2020,4,Black,Floris,Nebula,1
To the Moon,2020,4,Black,Aurum,Stellata,1
To the Moon,2020,4,White,Albeo,Velatus,1
Butterflies,2020,5,Azure,Albeo,Papilio,1
Butterflies,2020,5,Aqua,Caelus,Papilio,1
Butterflies,2020,5,Blue,Carota,Papilio,1
Butterflies,2020,5,Purple,Floris,Papilio,1
Butterflies,2020,5,Azure,Viola,Floresco,1
Butterflies,2020,5,Blue,Ceres,Floresco,1
Butterflies,2020,5,Aqua,Aurum,Lotus,1
Butterflies,2020,5,Purple,Folium,Lotus,1
Frog Race,2020,6,Cocos,Albeo,Cesti,1
Frog Race,2020,6,Pink,Ceres,Ludo,1
Frog Race,2020,6,Blue,Aurum,Signum,1
Frog Race,2020,6,Golden,Aurum,Cornus,1
Frog Race,2020,6,Red,Aurum,Figularis,1
Frog Race,2020,6,Marine,Folium,Igneous,1
Frog Race,2020,6,Black,Albeo,Scutulata,1
Frog Race,2020,6,White,Picea,Scutulata,1
Box of Chocolates,2020,7,White,Floris,Roboris,1
Box of Chocolates,2020,7,Violet,Albeo,Roboris,1
Box of Chocolates,2020,7,Cocos,Cafea,Adamantis,1
Box of Chocolates,2020,7,Cocos,Cafea,Viduo,1
Box of Chocolates,2020,7,Cocos,Cafea,Orbis,1
Box of Chocolates,2020,7,Cocos,Cafea,Ligo,1
Box of Chocolates,2020,7,Cocos,Cafea,Floresco,1
Box of Chocolates,2020,7,Cocos,Cafea,Tabula,1
Egypt,2020,8,Azure,Albeo,Bovis,3
Egypt,2020,8,Golden,Aurum,Marinus,2
Egypt,2020,8,Blue,Ceres,Lotus,1
Egypt,2020,8,Azure,Carota,Spira,1
Egypt,2020,8,Azure,Aurum,Pyramis,1
Under the Sea,2020,9,Tangelo,Albeo,Geminus,1
Under the Sea,2020,9,Azure,Callaina,Spargo,1
Under the Sea,2020,9,Azure,Callaina,Bulla,1
Under the Sea,2020,9,Azure,Chroma,Signum,1
Under the Sea,2020,9,Azure,Caelus,Marinus,1
Under the Sea,2020,9,Blue,Ceres,Arbor,1
Under the Sea,2020,9,Azure,Picea,Pistrix,1
Under the Sea,2020,9,Blue,Carota,Stellata,1
Precious,2020,10,Tangelo,Tingo,Gemma,1
Precious,2020,10,Orange,Aurum,Gemma,1
Precious,2020,10,Azure,Caelus,Gemma,1
Precious,2020,10,Royal,Pruni,Gemma,1
Precious,2020,10,Glass,Albeo,Gemma,1
Precious,2020,10,Maroon,Ceres,Tessera,1
Precious,2020,10,Olive,Muscus,Tessera,1
Precious,2020,10,Marine,Folium,Tessera,1
Gradients,2020,11,Red,Callaina,Arcus,1
Gradients,2020,11,Tangelo,Viola,Arcus,1
Gradients,2020,11,Yellow,Caelus,Arcus,1
Gradients,2020,11,Green,Viola,Arcus,1
Gradients,2020,11,Azure,Floris,Arcus,1
Gradients,2020,11,Pink,Aurum,Arcus,1
Gradients,2020,11,Purple,Carota,Arcus,1
Gradients,2020,11,Cocos,Ceres,Arcus,1
Rainbow Gold,2020,12,Red,Tingo,Crustalli,1
Rainbow Gold,2020,12,Tangelo,Carota,Velatus,1
Rainbow Gold,2020,12,Yellow,Aurum,Marmorea,1
Rainbow Gold,2020,12,Green,Muscus,Clunicula,1
Rainbow Gold,2020,12,Azure,Caelus,Tribus,1
Rainbow Gold,2020,12,Purple,Viola,Zebrae,1
Rainbow Gold,2020,12,Golden,Aurum,Puncti,2
Earth Hour 2020,2020,13,Golden,Aurum,Sol,1
Earth Hour 2020,2020,13,Black,Picea,Spira,1
Earth Hour 2020,2020,13,Black,Picea,Magus,1
Earth Hour 2020,2020,13,Black,Picea,Signum,1
Earth Hour 2020,2020,13,Black,Picea,Skeletos,1
Earth Hour 2020,2020,13,Black,Picea,Lunaris,1
Earth Hour 2020,2020,13,Azure,Folium,Planeta,1
Earth Hour 2020,2020,13,White,Albeo,Nebula,1
Spring Flowers,2020,14,Royal,Ceres,Fortuno,1
Spring Flowers,2020,14,Tangelo,Aurum,Fortuno,1
Spring Flowers,2020,14,Marine,Viola,Fortuno,1
Spring Flowers,2020,14,Maroon,Carota,Fortuno,1
Spring Flowers,2020,14,Blue,Callaina,Insero,4
Mint Chip,2020,15,Marine,Cafea,Africanus,1
Mint Chip,2020,15,Marine,Cafea,Bovis,1
Mint Chip,2020,15,Marine,Cafea,Dextera,1
Mint Chip,2020,15,Marine,Cafea,Viduo,1
Mint Chip,2020,15,Marine,Cafea,Magus,1
Mint Chip,2020,15,Marine,Cafea,Floresco,1
Mint Chip,2020,15,Marine,Cafea,Stellata,1
Mint Chip,2020,15,Marine,Cafea,Cornus,1
Easter Basket,2020,16,Emerald,Bruna,Pingo,2
Easter Basket,2020,16,Emerald,Folium,Marinus,2
Easter Basket,2020,16,Yellow,Muscus,Clunicula,1
Easter Basket,2020,16,Tangelo,Muscus,Clunicula,1
Easter Basket,2020,16,Azure,Muscus,Clunicula,1
Easter Basket,2020,16,Pink,Muscus,Clunicula,1
International,2020,17,Blue,Albeo,Stellata,1
International,2020,17,Red,Aurum,Stellata,1
International,2020,17,Red,Aurum,Sol,1
International,2020,17,White,Tingo,Aceris,1
International,2020,17,White,Tingo,Orbis,1
International,2020,17,Blue,Muscus,Planeta,1
International,2020,17,Maroon,Albeo,Americano,1
International,2020,17,Red,Caelus,Biplex,1
Solar System,2020,18,Purple,Ceres,Signum,1
Solar System,2020,18,Tangelo,Albeo,Amfractus,1
Solar System,2020,18,Blue,Folium,Planeta,1
Solar System,2020,18,Red,Carota,Pluma,1
Solar System,2020,18,Beige,Bruna,Lunaris,1
Solar System,2020,18,Beige,Albeo,Shelbus,1
Solar System,2020,18,Azure,Callaina,Insero,1
Solar System,2020,18,Purple,Caelus,Nebula,1
Barbershop Quartet,2020,19,Glass,Picea,Symphonia,2
Barbershop Quartet,2020,19,White,Tingo,Nodare,1
Barbershop Quartet,2020,19,White,Picea,Mustacium,1
Barbershop Quartet,2020,19,Beige,Picea,Mustacium,1
Barbershop Quartet,2020,19,Cocos,Picea,Mustacium,1
Barbershop Quartet,2020,19,White,Bruna,Mustacium,1
Barbershop Quartet,2020,19,Maroon,Albeo,Tabula,1
Mothers Day 2020,2020,20,White,Floris,Nasus,1
Mothers Day 2020,2020,20,Beige,Floris,Nasus,1
Mothers Day 2020,2020,20,Cocos,Floris,Nasus,1
Mothers Day 2020,2020,20,Black,Floris,Nasus,1
Mothers Day 2020,2020,20,Aqua,Floris,Planeta,4
Evening Falls,2020,21,Red,Callaina,Tessera,1
Evening Falls,2020,21,Tangelo,Callaina,Tessera,1
Evening Falls,2020,21,Orange,Callaina,Tessera,1
Evening Falls,2020,21,Golden,Callaina,Tessera,1
Evening Falls,2020,21,Yellow,Callaina,Tessera,1
Evening Falls,2020,21,Lime,Callaina,Tessera,1
Koi Pond,2020,22,Blue,Muscus,Lotus,2
Koi Pond,2020,22,Orange,Carota,Pulvillus,1
Koi Pond,2020,22,White,Albeo,Pulvillus,1
Koi Pond,2020,22,Maroon,Carota,Pulvillus,1
Koi Pond,2020,22,Orange,Aurum,Pulvillus,1
Koi Pond,2020,22,Tangelo,Albeo,Pulvillus,1
Koi Pond,2020,22,Black,Tingo,Pulvillus,1
Raspberry Fondue,2020,23,Purple,Pruni,Puncti,2
Raspberry Fondue,2020,23,Red,Tingo,Puncti,2
Raspberry Fondue,2020,23,Golden,Aurum,Puncti,2
Raspberry Fondue,2020,23,White,Cafea,Foramen,2
Wild Cats,2020,24,Orange,Bruna,Igneous,1
Wild Cats,2020,24,White,Picea,Marmorea,1
Wild Cats,2020,24,Tangelo,Albeo,Calyx,1
Wild Cats,2020,24,Beige,Bruna,Nebula,1
Wild Cats,2020,24,White,Picea,Crustalli,1
Wild Cats,2020,24,Golden,Picea,Puncti,1
Wild Cats,2020,24,Black,Picea,Dextera,1
Wild Cats,2020,24,Orange,Picea,Africanus,1
Buttered Popcorn,2020,25,White,Aurum,Dextera,2
Buttered Popcorn,2020,25,White,Aurum,Magus,2
Buttered Popcorn,2020,25,White,Aurum,Signum,2
Buttered Popcorn,2020,25,White,Aurum,Nebula,2
Learning to Count,2020,26,Black,Albeo,Cesti,1
Learning to Count,2020,26,Black,Albeo,Shelbus,1
Learning to Count,2020,26,Black,Albeo,Flecto,1
Learning to Count,2020,26,Black,Albeo,Bulbus,1
Learning to Count,2020,26,Black,Albeo,Spinae,1
Learning to Count,2020,26,Black,Albeo,Bulla,1
Learning to Count,2020,26,Black,Albeo,Lotus,1
Learning to Count,2020,26,Black,Albeo,Floresco,1
Bubbles,2020,27,Glass,Chroma,Gyrus,4
Bubbles,2020,27,Glass,Chroma,Puncti,2
Bubbles,2020,27,Glass,Chroma,Bulla,2
Cotton Candy,2020,28,Aqua,Ceres,Shelbus,1
Cotton Candy,2020,28,Aqua,Ceres,Spargo,1
Cotton Candy,2020,28,Aqua,Ceres,Pluma,1
Cotton Candy,2020,28,Aqua,Ceres,Hexas,1
Cotton Candy,2020,28,Aqua,Ceres,Insero,1
Cotton Candy,2020,28,Aqua,Ceres,Africanus,1
Cotton Candy,2020,28,Aqua,Ceres,Splendico,1
Cotton Candy,2020,28,Aqua,Ceres,Frondis,1
Gummy Frogs,2020,29,Red,Caelus,Clunicula,1
Gummy Frogs,2020,29,Blue,Folium,Clunicula,1
Gummy Frogs,2020,29,Yellow,Viola,Clunicula,1
Gummy Frogs,2020,29,Emerald,Bruna,Clunicula,1
Gummy Frogs,2020,29,Royal,Callaina,Clunicula,1
Gummy Frogs,2020,29,Tangelo,Aurum,Clunicula,1
Gummy Frogs,2020,29,White,Pruni,Clunicula,1
Gummy Frogs,2020,29,Black,Ceres,Clunicula,1
Ocean Beach,2020,30,Aqua,Callaina,Nebula,1
Ocean Beach,2020,30,Blue,Callaina,Nebula,1
Ocean Beach,2020,30,White,Callaina,Nebula,1
Ocean Beach,2020,30,White,Ceres,Nebula,1
Ocean Beach,2020,30,Beige,Ceres,Nebula,1
Ocean Beach,2020,30,Aqua,Albeo,Nebula,1
Ocean Beach,2020,30,Aqua,Caelus,Nebula,2
Art Attack,2020,31,Red,Aurum,Spargo,1
Art Attack,2020,31,Tangelo,Callaina,Spargo,1
Art Attack,2020,31,Yellow,Floris,Spargo,1
Art Attack,2020,31,Aqua,Tingo,Spargo,1
Art Attack,2020,31,Blue,Aurum,Spargo,1
Art Attack,2020,31,Purple,Carota,Spargo,1
Art Attack,2020,31,Violet,Albeo,Spargo,1
Art Attack,2020,31,White,Caelus,Spargo,1
Hypnotized,2020,32,Maroon,Chroma,Spira,1
Hypnotized,2020,32,Red,Chroma,Spira,1
Hypnotized,2020,32,Tangelo,Chroma,Spira,1
Hypnotized,2020,32,Orange,Chroma,Spira,1
Hypnotized,2020,32,Golden,Chroma,Spira,1
Hypnotized,2020,32,Yellow,Chroma,Spira,1
Hypnotized,2020,32,Lime,Chroma,Spira,1
Hypnotized,2020,32,Green,Chroma,Spira,1
Hand Washing,2020,33,Beige,Callaina,Palma,1
Hand Washing,2020,33,Cocos,Muscus,Palma,1
Hand Washing,2020,33,Black,Floris,Palma,1
Hand Washing,2020,33,Blue,Caelus,Marmorea,1
Hand Washing,2020,33,Yellow,Aurum,Corona,1
Hand Washing,2020,33,Glass,Chroma,Gyrus,1
Hand Washing,2020,33,Blue,Caelus,Igneous,1
Hand Washing,2020,33,Blue,Callaina,Marinus,1
Birds and Bees,2020,34,Blue,Muscus,Pluma,1
Birds and Bees,2020,34,Purple,Floris,Pluma,1
Birds and Bees,2020,34,Cocos,Albeo,Pluma,1
Birds and Bees,2020,34,Azure,Albeo,Pluma,1
Birds and Bees,2020,34,Green,Aurum,Pluma,1
Birds and Bees,2020,34,White,Ceres,Geminus,1
Birds and Bees,2020,34,Yellow,Picea,Partiri,2
Waffles,2020,35,Golden,Tingo,Puncti,1
Waffles,2020,35,Golden,Pruni,Puncti,1
Waffles,2020,35,Golden,Tingo,Pictoris,1
Waffles,2020,35,Golden,Pruni,Pictoris,1
Waffles,2020,35,Golden,Tingo,Scutulata,1
Waffles,2020,35,Golden,Aurum,Scutulata,1
Waffles,2020,35,Golden,Pruni,Scutulata,1
Waffles,2020,35,Golden,Aurum,Orbis,1
Aperture Science,2020,36,Black,Albeo,Foramen,1
Aperture Science,2020,36,White,Caelus,Orbis,1
Aperture Science,2020,36,White,Carota,Skeletos,1
Aperture Science,2020,36,White,Caelus,Lunaris,1
Aperture Science,2020,36,White,Carota,Lunaris,1
Aperture Science,2020,36,White,Caelus,Spargo,1
Aperture Science,2020,36,White,Carota,Spargo,1
Aperture Science,2020,36,Black,Albeo,Spargo,1
Balance,2020,37,Black,Albeo,Dimidius,1
Balance,2020,37,White,Picea,Dimidius,1
Balance,2020,37,White,Picea,Arcus,1
Balance,2020,37,White,Picea,Nebula,1
Balance,2020,37,Black,Albeo,Pyramis,1
Balance,2020,37,Black,Albeo,Flecto,1
Sushi Box,2020,38,Black,Bruna,Spargo,1
Sushi Box,2020,38,White,Folium,Orbis,1
Sushi Box,2020,38,Tangelo,Picea,Cesti,1
Sushi Box,2020,38,Red,Picea,Cesti,1
Sushi Box,2020,38,Yellow,Picea,Cesti,1
Sushi Box,2020,38,Tangelo,Albeo,Favus,1
Sushi Box,2020,38,White,Tingo,Pluma,1
Sushi Box,2020,38,Tangelo,Carota,Flecto,1
Knitting,2020,39,Glass,Albeo,Sagitta,2
Knitting,2020,39,Red,Carota,Frondis,1
Knitting,2020,39,Yellow,Aurum,Frondis,1
Knitting,2020,39,Blue,Caelus,Frondis,1
Knitting,2020,39,Emerald,Muscus,Frondis,1
Knitting,2020,39,Black,Picea,Frondis,1
Knitting,2020,39,White,Albeo,Frondis,1
Yer a Wizard,2020,40,Golden,Picea,Scutulata,1
Yer a Wizard,2020,40,Blue,Albeo,Scutulata,1
Yer a Wizard,2020,40,Maroon,Aurum,Scutulata,1
Yer a Wizard,2020,40,Olive,Picea,Scutulata,1
Yer a Wizard,2020,40,Golden,Picea,Zebrae,1
Yer a Wizard,2020,40,Blue,Albeo,Pingo,1
Yer a Wizard,2020,40,Maroon,Aurum,Fortuno,1
Yer a Wizard,2020,40,Olive,Picea,Serpentis,1
Poison Apples,2020,41,Maroon,Muscus,Calvaria,1
Poison Apples,2020,41,Red,Muscus,Calvaria,1
Poison Apples,2020,41,Black,Viola,Calvaria,1
Poison Apples,2020,41,Black,Chroma,Calvaria,1
Poison Apples,2020,41,Maroon,Muscus,Pictoris,1
Poison Apples,2020,41,Red,Muscus,Pictoris,1
Poison Apples,2020,41,Black,Viola,Pictoris,1
Poison Apples,2020,41,Black,Chroma,Pictoris,1
Fizzies,2020,42,Golden,Carota,Sol,1
Fizzies,2020,42,Red,Albeo,Amfractus,1
Fizzies,2020,42,Blue,Tingo,Biplex,1
Fizzies,2020,42,Orange,Carota,Floresco,1
Fizzies,2020,42,Emerald,Tingo,Orbis,1
Fizzies,2020,42,Maroon,Albeo,Insero,1
Fizzies,2020,42,Green,Aurum,Signum,1
Fizzies,2020,42,Cocos,Ceres,Dextera,1
Pollock Frogs,2020,43,Golden,Albeo,Spargo,1
Pollock Frogs,2020,43,Black,Aurum,Spargo,1
Pollock Frogs,2020,43,Black,Carota,Marmorea,1
Pollock Frogs,2020,43,Tangelo,Caelus,Marmorea,1
Pollock Frogs,2020,43,Blue,Aurum,Velatus,1
Pollock Frogs,2020,43,Golden,Carota,Velatus,1
Pollock Frogs,2020,43,Tangelo,Albeo,Nebula,1
Pollock Frogs,2020,43,White,Caelus,Nebula,1
I Speak for the Trees,2020,44,Tangelo,Aurum,Mustacium,1
I Speak for the Trees,2020,44,Azure,Aurum,Spira,1
I Speak for the Trees,2020,44,Azure,Viola,Spira,1
I Speak for the Trees,2020,44,Azure,Floris,Spira,1
I Speak for the Trees,2020,44,Azure,Ceres,Spira,1
I Speak for the Trees,2020,44,Azure,Carota,Spira,1
I Speak for the Trees,2020,44,Azure,Pruni,Spira,1
I Speak for the Trees,2020,44,Azure,Tingo,Spira,1
Mighty Morphers,2020,45,Pink,Albeo,Tribus,1
Mighty Morphers,2020,45,Red,Albeo,Tribus,1
Mighty Morphers,2020,45,Golden,Albeo,Tribus,1
Mighty Morphers,2020,45,Black,Albeo,Tribus,1
Mighty Morphers,2020,45,Blue,Albeo,Tribus,1
Mighty Morphers,2020,45,Marine,Albeo,Tribus,1
Mighty Morphers,2020,45,White,Albeo,Tribus,1
Fruit Loops,2020,46,White,Callaina,Coclearis,1
Fruit Loops,2020,46,White,Tingo,Orbis,1
Fruit Loops,2020,46,White,Carota,Orbis,1
Fruit Loops,2020,46,White,Aurum,Orbis,1
Fruit Loops,2020,46,White,Muscus,Orbis,1
Fruit Loops,2020,46,White,Caelus,Orbis,1
Fruit Loops,2020,46,White,Pruni,Orbis,1
Fruit Loops,2020,46,White,Floris,Orbis,1
Chess Pieces,2020,47,Black,Albeo,Scutulata,2
Chess Pieces,2020,47,White,Picea,Emblema,2
Chess Pieces,2020,47,White,Picea,Ocularis,2
Chess Pieces,2020,47,Black,Albeo,Vinaceus,1
Chess Pieces,2020,47,White,Picea,Floresco,1
Game Day,2020,48,Tangelo,Picea,Crustalli,1
Game Day,2020,48,White,Picea,Bovis,1
Game Day,2020,48,Lime,Albeo,Clunicula,1
Game Day,2020,48,White,Tingo,Dextera,1
Game Day,2020,48,White,Albeo,Puncti,1
Game Day,2020,48,Blue,Caelus,Marinus,1
Game Day,2020,48,White,Aurum,Partiri,1
Game Day,2020,48,Cocos,Albeo,Adamantis,1
Gotta Hatch em All,2020,49,Red,Albeo,Biplex,2
Gotta Hatch em All,2020,49,Yellow,Tingo,Anura,1
Gotta Hatch em All,2020,49,Beige,Albeo,Calvaria,1
Gotta Hatch em All,2020,49,Marine,Muscus,Floresco,1
Gotta Hatch em All,2020,49,Blue,Albeo,Spira,1
Gotta Hatch em All,2020,49,Tangelo,Caelus,Janus,1
Gotta Hatch em All,2020,49,Purple,Tingo,Lanterna,1
Electric Car,2020,50,Black,Albeo,Figularis,2
Electric Car,2020,50,Black,Albeo,Lunaris,4
Electric Car,2020,50,Maroon,Albeo,Altilium,1
Pocket Frogs,2020,51,Green,Albeo,Cesti,1
Pocket Frogs,2020,51,Tangelo,Albeo,Cesti,1
Pocket Frogs,2020,51,Golden,Albeo,Cesti,1
Pocket Frogs,2020,51,Azure,Albeo,Cesti,1
Pocket Frogs,2020,51,Marine,Albeo,Cesti,1
Pocket Frogs,2020,51,Pink,Albeo,Cesti,1
Milk and Cookies,2020,52,White,Albeo,Marinus,1
Milk and Cookies,2020,52,Beige,Albeo,Hexas,2
Milk and Cookies,2020,52,Cocos,Albeo,Bovis,1
Milk and Cookies,2020,52,Cocos,Albeo,Procursus,1
Milk and Cookies,2020,52,Beige,Albeo,Glacio,1
Starlight Mints,2020,53,Red,Albeo,Frondis,1
Starlight Mints,2020,53,Emerald,Albeo,Frondis,1
Starlight Mints,2020,53,Azure,Albeo,Frondis,1
Starlight Mints,2020,53,Orange,Albeo,Frondis,1
Starlight Mints,2020,53,Yellow,Albeo,Frondis,1
Starlight Mints,2020,53,Purple,Albeo,Frondis,1
Starlight Mints,2020,53,Maroon,Floris,Frondis,1
101 Dalmations,2021,1,Black,Albeo,Gyrus,4
101 Dalmations,2021,1,White,Picea,Gyrus,4
Serpentarium,2021,2,Beige,Pruni,Serpentis,1
Serpentarium,2021,2,Beige,Picea,Serpentis,1
Serpentarium,2021,2,Beige,Tingo,Serpentis,1
Serpentarium,2021,2,Beige,Bruna,Serpentis,1
Serpentarium,2021,2,Beige,Cafea,Serpentis,1
Serpentarium,2021,2,Black,Ceres,Serpentis,1
Serpentarium,2021,2,Cocos,Picea,Serpentis,1
Serpentarium,2021,2,Cocos,Ceres,Serpentis,1
Seven Wonders,2021,3,Beige,Ceres,Corona,1
Seven Wonders,2021,3,Beige,Ceres,Tabula,1
Seven Wonders,2021,3,Olive,Ceres,Cesti,1
Seven Wonders,2021,3,Olive,Ceres,Trivium,1
Seven Wonders,2021,3,Azure,Albeo,Magus,1
Seven Wonders,2021,3,Azure,Albeo,Vinaceus,1
Seven Wonders,2021,3,Azure,Ceres,Pyramis,1
Black Forest,2021,4,Black,Picea,Arbor,4
Black Forest,2021,4,White,Picea,Arbor,4
Wedding Day,2021,5,White,Viola,Roboris,1
Wedding Day,2021,5,White,Viola,Floresco,1
Wedding Day,2021,5,White,Aurum,Vicis,1
Wedding Day,2021,5,White,Picea,Nodare,2
Wedding Day,2021,5,White,Albeo,Inverso,1
Wedding Day,2021,5,Glass,Viola,Emblema,1
Wedding Day,2021,5,Glass,Viola,Papilio,1
Garden Salad,2021,6,Green,Folium,Arbor,4
Garden Salad,2021,6,Olive,Aurum,Insero,1
Garden Salad,2021,6,Red,Tingo,Floresco,1
Garden Salad,2021,6,Lime,Albeo,Floresco,1
Garden Salad,2021,6,Royal,Pruni,Bulbus,1
Cotton Candy Swirl,2021,7,Violet,Albeo,Frondis,2
Cotton Candy Swirl,2021,7,Violet,Ceres,Frondis,2
Cotton Candy Swirl,2021,7,Violet,Callaina,Nebula,2
Cotton Candy Swirl,2021,7,Aqua,Floris,Nebula,2
Pollination,2021,8,Red,Aurum,Floresco,1
Pollination,2021,8,Orange,Cafea,Floresco,1
Pollination,2021,8,Green,Viola,Lotus,1
Pollination,2021,8,Green,Floris,Lotus,1
Pollination,2021,8,Yellow,Bruna,Fortuno,1
Pollination,2021,8,Black,Carota,Geminus,1
Pollination,2021,8,Purple,Albeo,Frondis,1
Pollination,2021,8,Orange,Carota,Frondis,1
The Longest Day,2021,9,Tangelo,Aurum,Insero,2
The Longest Day,2021,9,Golden,Aurum,Amfractus,1
The Longest Day,2021,9,Golden,Aurum,Spargo,1
The Longest Day,2021,9,Golden,Aurum,Lunaris,1
The Longest Day,2021,9,Golden,Aurum,Sol,1
The Longest Day,2021,9,Golden,Aurum,Frondis,1
The Longest Day,2021,9,Orange,Aurum,Gemma,1
Fish are Friends,2021,10,White,Carota,Partiri,1
Fish are Friends,2021,10,Blue,Aurum,Calyx,1
Fish are Friends,2021,10,Pink,Floris,Clunicula,1
Fish are Friends,2021,10,Beige,Ceres,Calvaria,1
Fish are Friends,2021,10,White,Picea,Zebrae,1
Fish are Friends,2021,10,Yellow,Aurum,Zebrae,1
Fish are Friends,2021,10,Olive,Ceres,Africanus,1
Fish are Friends,2021,10,Azure,Albeo,Pistrix,1
The Boy Who Lived,2021,11,Golden,Tingo,Magus,1
The Boy Who Lived,2021,11,Golden,Tingo,Figularis,1
The Boy Who Lived,2021,11,Golden,Tingo,Serpentis,1
The Boy Who Lived,2021,11,Glass,Cafea,Adamantis,1
The Boy Who Lived,2021,11,Glass,Picea,Lentium,1
The Boy Who Lived,2021,11,Black,Albeo,Pulvillus,1
The Boy Who Lived,2021,11,Glass,Chroma,Stellata,1
Party Time,2021,12,White,Floris,Geminus,1
Party Time,2021,12,Cocos,Picea,Partiri,1
Party Time,2021,12,Red,Floris,Coclearis,1
Party Time,2021,12,Orange,Floris,Coclearis,1
Party Time,2021,12,Royal,Floris,Coclearis,1
Party Time,2021,12,Lime,Floris,Coclearis,1
Party Time,2021,12,Tangelo,Floris,Coclearis,1
Party Time,2021,12,Aqua,Floris,Coclearis,1
Sing a Rainbow,2021,13,Red,Carota,Nebula,1
Sing a Rainbow,2021,13,Red,Aurum,Nebula,1
Sing a Rainbow,2021,13,Yellow,Floris,Nebula,1
Sing a Rainbow,2021,13,Pink,Muscus,Nebula,1
Sing a Rainbow,2021,13,Emerald,Viola,Nebula,1
Sing a Rainbow,2021,13,Purple,Carota,Nebula,1
Sing a Rainbow,2021,13,Tangelo,Caelus,Nebula,1
Sing a Rainbow,2021,13,Azure,Caelus,Nebula,1
Fire Nation Attack,2021,14,Maroon,Carota,Igneous,5
Fire Nation Attack,2021,14,Orange,Aurum,Spira,1
Fire Nation Attack,2021,14,Emerald,Aurum,Orbis,1
Fire Nation Attack,2021,14,Blue,Albeo,Marinus,1
Rose Gold,2021,15,White,Ceres,Ornatus,1
Rose Gold,2021,15,White,Ceres,Obaro,1
Rose Gold,2021,15,White,Ceres,Vinaceus,1
Rose Gold,2021,15,White,Ceres,Shelbus,1
Rose Gold,2021,15,White,Ceres,Flecto,1
Rose Gold,2021,15,White,Ceres,Ligo,1
Rose Gold,2021,15,White,Ceres,Tessera,1
Rose Gold,2021,15,White,Ceres,Nodare,1
Unfrogettable Burger,2021,16,Beige,Ceres,Amfractus,2
Unfrogettable Burger,2021,16,Maroon,Aurum,Pictoris,1
Unfrogettable Burger,2021,16,Beige,Cafea,Marmorea,1
Unfrogettable Burger,2021,16,Orange,Aurum,Favus,1
Unfrogettable Burger,2021,16,Green,Folium,Arbor,1
Unfrogettable Burger,2021,16,Maroon,Carota,Floresco,1
Unfrogettable Burger,2021,16,Glass,Viola,Bulbus,1
Reading Rainbow,2021,17,Red,Albeo,Levar,1
Reading Rainbow,2021,17,Tangelo,Albeo,Levar,1
Reading Rainbow,2021,17,Yellow,Albeo,Levar,1
Reading Rainbow,2021,17,Emerald,Albeo,Levar,1
Reading Rainbow,2021,17,Blue,Albeo,Levar,1
Reading Rainbow,2021,17,Royal,Albeo,Levar,1
Liquorice Allsorts,2021,18,Black,Albeo,Shelbus,1
Liquorice Allsorts,2021,18,Cocos,Picea,Partiri,1
Liquorice Allsorts,2021,18,Tangelo,Picea,Partiri,1
Liquorice Allsorts,2021,18,Pink,Picea,Partiri,1
Liquorice Allsorts,2021,18,Yellow,Picea,Cesti,1
Liquorice Allsorts,2021,18,Yellow,Picea,Orbis,1
Liquorice Allsorts,2021,18,Azure,Callaina,Favus,1
Liquorice Allsorts,2021,18,Black,Picea,Clunicula,1
